[{"text": "VISACIO\n\nXXXXXXXXXX SERVICES AGREEMENT\n\nCLIENT: XXXXXXXXX., a closed-capital\nCorporation, headquartered in the City of\nXXXXXXXXXXXXXXXXXXXXX, enrolled with the\nCNPJ under No. XXXXXXXXXXXXXXX,\nrepresented herein as per its organizational\ndocuments;\n\nand\n\nCONTRACTOR: XXXXXXXXXXXXXXX a\ncompany established at XXXXXXXXXXXX, in the\nCity of Rio de Janeiro, enrolled with the CNPJ\nunder No. XXXXXXXXXXX, represented herein by\nits undersigned legal representative.\n\nThe aforementioned parties, hereinafter collectively referred to as\n\u201cCONTRACTING PARTIES\u201d, have agreed on this\nXXXXXXXXXXXXXXXXXXx Service Agreement (\u201cAgreement\u201d), to be\ngoverned by the following clauses and conditions:\n\n1. OBJECT\n\n1.1. The purpose of this AGREEMENT is the provision professional\nConsulting services, on the account of CONTRACTOR, subject to\nXXXXXXXXKXXXXKXKXXXKXXXKXKXXXX, as attached hereto, and duly\nsigned by the Contracting Parties, which is now an integral part of\nthis AGREEMENT, as \u201cEXHIBIT I\u2019.\n\n1.1.1. In case of divergence between EXHIBIT | and this\nAGREEMENT, this AGREEMENT shall prevail.\n\n1.2. The services hereunder shall be performed at CONTRACTOR\u2019s\nfacilities.\n\n2. PRICE\n\n2.1. CLIENT shall pay to CONTRACTOR, in consideration of the\nservices hereunder, the gross monthly value of XXXXXXXXXXX\nthousand Brazilian Reais (BRL XXXXXXXX), corresponding to a\nsubtotal net of taxes and contribution of BRL XXXXXXXX, as set\nout in the table below:\n\nXXXXXXXX P\u00e1gina 1 de 9\n\f", "page": 1}, {"text": "VISACIO\n\n|Description I|TaxRate | NetValue\n\nGross Value XXXXXX\nIR \u2014 Income Tax 1,50% - BRL xxxxx\n\nCSLL- Social Contribution on Net | 1,00% - BRL xxxxx\n\nProfit\n\nCOFINS \u2014 Turnover tax on Gross | 3,00% - BRL xxxxx\n\nProfits\n\nPIS \u2014 Social Integration Program 0,65%\nISS \u2014 Tax on Services 5,00%\nIRPJ \u2014 Corporate Income Tax 6,50%\n\nSocial Contribution on Net Profit\n\nNet Value\n\n2.1.1.\n\nXXXXXXXX\n\n \n\nThe payment of the installment shall be made upon delivery\nand approval of documentation regarding the stage by\nCLIENT.\n\n. The taxes, fees, emoluments, tax and other contributions\n\narising directly or indirectly from this AGREEMENT or its\nperformance shall be exclusively held by the taxpayer, subject\nto the legislation in force, except for ISS, which shall be borne\nby CLIENT and collection obligation towards CONTRACTOR,\nwhich means that the amount set out in item 2.1 corresponds\nto the full price to be borne by CLIENT. CONTRACTOR shall\nreceive the agreed price with deduction of taxes due, to be\npaid to government treasury by CLIENT.\n\n. If new taxes are created during the effectiveness of this\n\nAgreement, or there is an increase in tax rates and/or tax\nbasis, the prices originally agreed shall be adjusted for\ninflation proportionately to their increase, and the difference\narising from such adjustment shall be offset in the first\nopportunity.\n\n. The amount mentioned in item 2.1 above does not comprise\n\ntravel, lodging, meal and transfer costs related to\nCONTRACTOR team working outside the City XXXXXXX\nand, if so required, these amounts shall be paid by CLIENT or\nreimbursed to CONTRACTOR upon production of invoice.\n\nP\u00e1gina 2 de 9\n\f", "page": 2}, {"text": "2.2.\n\nVISACIO\n\nIn case of delay in this project arising from internal issues related to\nCLIENT, such as unavailability of XXXXXXX staff for interviews,\nassessment of information and validations in due time, as well as\nfailure to provide, in a timely and accurate manner, internal details\nand information deemed as relevant of this Project, the standard\nman hour value for every professional category shall be charged ,\nin view of the additional assignment of the staff in this project, as\nset out in EXHIBIT |, being agreed that such adjustments shall be\nformalized by CLIENT, in writing, upon previous consent and\nfurther execution of an amendment to this AGREEMENT.\n\n3. TERM\n\n3.1.\n\nThis AGREEMENT shall be effective from the date of its execution\nuntil the full performance of all obligations undertaken herein by the\nparties, being its termination scheduled for XXXXXX.\n\n3.1.1. This AGREEMENT may be extended, as established by the\n\nparties, in writing.\n\n3.1.2. Notwithstanding the provisions above, CLIENT is entitled to\n\nterminate this AGREEMENT, at any time, irrespective of\nreason, upon fifteen (15) days\u2019 notice to CONTRACTOR.\n\n4. TERMINATION\n\n4.1.\n\n4.2.\n\n4.3.\n\nThis AGREEMENT shall be considered terminated in case of\ndefault of any of its clauses or conditions, by either party, or due to\nbankruptcy, arrangement with creditors, insolvency, judicial or\nextrajudicial dissolution, whether they are ratified or decreed.\n\nIn case of termination due to default, the breaching party shall be\nsubject to the payment of a non-compensatory fine, corresponding\nto twenty percent (20%) of the amount of remaining services, as\nadjusted for inflation.\n\nIf the affected party seeks for an action regarding the payment of\nits credit, a remedy which is only possible after notice to the\n\nbreaching party and its failure to remedy such default, as\nevidenced with the permanence of such default within fifteen (15)\n\ndays as from the receipt of such notice, the amounts established in\nthe item above shall become due, without prejudice to court costs\n\nand attorneys\u2019 fees, as established by the court, to be borne by\nbreaching party.\n\n5. NO EMPLOYMENT RELATIONSHIP\n\nXXXXXXXX\n\nP\u00e1gina 3 de 9\n\f", "page": 3}, {"text": "VISACIO\n\n5.1. This instrument shall not give rise to an employment relationship,\nnor affiliation, agency, joint venture, or joint and several liability\nbetween CLIENT and CONTRACTOR.\n\n5.2. CONTRACTOR, shall be fully responsible for any charges arising\nfrom Social, Labor and Social Security Legislation, as well as for\nany claims filed, or any other notices of violations executed by the\ncompetent inspection body, discharging and defending CLIENT, if\nsuch party is sued, reimbursing any expenditures, including\nattorneys\u2019 fees.\n\n5.3. CONTRACTOR shall pay all labor charges of its staff, such as\nsalaries, expenses and liabilities. CONTRACTOR\u2019s staff shall not\nhave any rights against CLIENT with respect to employment\nrelationship, as well as no claims related to labor or social security\nlegislation in force.\n\n5.4. Notwithstanding the provisions of items 5.2 and 5.3 above, if\nCLIENT is sued by any of CONTRACTOR's employees, it is\nhereby agreed that CONTRACTOR shall defend CLIENT, by\nrequesting its removal from the action, intervening in the action,\nand requesting to replace CLIENT as defendant in the case, if\ncontractor is not also called to join such action. If such replacement\nis denied, CONTRACTOR undertakes to intervene in such case as\nassistant, in accordance with procedural law. Furthermore,\nCONTRACTOR shall bear all costs that may be required, including\nattorneys\u2019 fees, being liable for any convictions that may arise\nthereto, including Defeat costs that may be charged from CLIENT.\n\n5.5. CONTRACTOR shall take full responsibility for any damages\ncaused by its employees or agents, whether voluntarily or\ninvoluntarily, in the property, facilities, accessories, utensils or\nequipment held by CLIENT.\n\n6. CONFIDENTIALITY\n\n6.1 CONTRACTOR hereby declares that it is aware that the\nprovision of services hereunder is confidential and, therefore, its\nemployees, members and workers shall not disclose any\ninformation acquired before, during or after said provision of\nservices, as follows:\n\na) any and all material pertaining to companies where the services\nwill be rendered and/or related projects, including personal notes,\nare protected by confidentiality and non-disclosure agreement.\nHence, the party declares that it is aware that any document or\n\nXXXXXXXX P\u00e1gina 4 de 9\n\f", "page": 4}, {"text": "VISACIO\n\nproduct created or acquired during the performance of this\nAgreement, as well as those created, used or kept under its\npossession or control \u2014whether by its employees with employment\nrelationship or outsources \u2014 is confidential and/or belong to CLIENT,\nand CONTRACTOR undertakes not to use any information, whether\nconfidential or not, for any purposes other than those provided\nhereunder;\n\nb) contractor shall cause any of its employees, directly or indirectly\nengaged in the performance of these Services or related projects, to\ncomply with this clause;\n\nd) contractor undertakes to promptly give notice to CLIENT with\nrespect to any breach of confidentiality rules established herein,\nwhether due to action or omission and irrespective of guilt;\n\ne) the failure to comply with this Clause shall give rise to civil and\ncriminal liability towards those who are provenly involved in such\nnon-compliance or violation;\n\nf) the obligations provided in this Clause shall survive the\ntermination of this Agreement.\n\n7. DATA PROTECTION\n\n7.1. The parties hereby undertake to fully comply with the legislation in\nforce regarding protection of data, including, but not limited to, Law\nNo. 13.709/2018 and General Data Protection Regulation (GDPR),\nas applicable, being liable, to the extent of their guilt, for any\npenalties and convictions.\n\n8. PROBITY\n\n8.1. The parties hereby declare, to the extent applicable, that they, as\nwell as their members/shareholders, officers and employees comply\nand cause the compliance with the applicable rules regarding\nanticorruption acts and acts prejudicial to the Public Administration,\nas set out in Law No. 12.846, of August 1, 2013, as amended\n(\u201cAnticorruption Law\u201d) insofar as: (i) they keep internal policies and\nproceedings to ensure the faithful compliance with such rules; (ii)\nthey inform such rules to every workers that may get in contact with\nthe parties before the beginning of services hereunder; (iii) they\nrefrain from performing corruption acts and acts that may cause\ndamages to national or international governments, whether in its\nexclusive benefit or not; and (iv) they will give prompt notice to the\nother if they become aware of an act or fact breaching such rules.\n\nXXXXXXXX P\u00e1gina 5 de 9\n\f", "page": 5}, {"text": "VISACIO\n\n9. NOTICES\n\n9.1. The formalities, notices and notifications related to the provision of\nservices hereunder shall be valid upon delivery to the following\nrepresentatives:\n\nClient:\n\nName:\nOccupation:\n\nEmail:\n\nPhone/ WhatsApp:\nAddress:\n\nContractor:\n\nName:\nOccupation:\n\nEmail:\n\nPhone/ WhatsApp:\nAddress:\n\nThe details above may be changed by mere formalization in writing between\nthe parties, without the need of making an amendment for such purpose.\n\n10. MISCELLANEOUS\n\n10.1. CLIENT may reject the services that are in disagreement with the\nspecifications hereunder, as unchallenged by CONTRACTOR and\ntechnically proven, and COTRACTOR shall only redo or repair\nsuch services in this case.\n\n10.1.1. CONTRACTOR shall not be held responsible from any\n\nchanges in the Services delivered hereunder that may be\ncarried out by CLIENT.\n\nXXXXXXXX P\u00e1gina 6 de 9\n\f", "page": 6}, {"text": "VISACIO\n\n10.2. CONTRACTOR undertakes to employ skilled professionals\naccording to the respective field of expertise to perform these\nServices. CONTRACTOR may, at any time, at its sole discretion and\nwithout notice, replace any member of the staff assigned to perform\nthe Services, provided that the continuity and level of quality remain\nthe same.\n\n10.3. CONTRACTOR may procure third parties for the performance of\nthese Services, being fully liable for them.\n\n10.4. CONTRACTOR is not bound to exclusive commitment with respect\nto the activities and Services hereunder; thus, CONTRACTOR may\nprovide the same kind of Services to other companies from this\nsame segment, whether in Brazil or abroad, provided that\nCONTRACTOR takes all measures required to protect CLIENT\u2019s\nconfidential information.\n\n10.5. CLIENT undertakes not to offer a job, nor to request for\nConsulting/advisory services, whether directly or indirectly, to any\nprofessional working for CONTRACTOR, providing direct or\nindirect services to the performance of this AGREEMENT,\nthroughout the effectiveness of this instrument and for an additional\nperiod of twenty-four (24) months thereafter.\n\n10.6. CONTRACTOR shall maintain all rights, titles and interests on (i)\nall patents, copyrights, trademarks and other intellectual properties;\nand (ii) all methodologies, processes, ideas, designs and\nknow-how related to the Services or that CONTRACTOR may\ndevelop or provide with respect to the performance of this\nAGREEMENT. CONTRACTOR may use the knowledge being\ncreated for any purposes, provided that it complies with the\nconfidentiality provisions herein. CLIENT shall not have any rights\nor interests in any tools held or licensed by CONTRACTOR.\n\n10.7. The full responsibility held by CONTRACTOR, its members,\nentities pertaining to its corporate and economic group,\nprofessionals, employees and any outsource under this\nAGREEMENT shall not surpass, in any event whatsoever, the\namount received by CONTRACTOR to perform the services\nhereunder except in the event of: (i) issuance of an unappealable\ndecision evidencing a fraudulent or wrongful act on account of\nCONTRACTOR; (ii) labor claims from CONTRACTOR's employees\nor subcontractors filed against CLIENT; (iii) failure to comply with\nanticorruption laws (iv) performance under conflict of interests.\n\nXXXXXXXX P\u00e1gina 7 de 9\n\f", "page": 7}, {"text": "VISACIO\n\n10.7.1. Under any circumstances, CONTRACTOR, its members,\nentities belonging to its corporate and economic group,\nprofessionals, employees and any subcontractor shall be\nheld responsible, for loss of profits , indirect damages or loss\nof opportunities on the account of CLIENT or any\nthird-parties related to it.\n\n10.8. CONTRACTOR is not liable for verifying the accuracy and\nfullness of public data or information provided CLIENT. CLIENT\nagrees that CONTRACTOR is not liable for the accuracy or\nfullness of such information and, therefore, it shall not be held\nresponsible for any inaccuracies or omission of information.\n\n10.9. All covenants with respect to the development, modifications or\nchanges of original description of services hereunder shall be\nmade upon exchange of mail, which shall become an integral\nand supplementary part of this instrument, and any verbal\nagreements shall be rendered null and void. In case of\ndivergence between this AGREEMENT and documents attached\nhereto, this agreement shall prevail, at all times. If CLIENT\ndesires that the other documents attached hereto prevail over\nthis Agreement, contracting parties must execute and\nAmendment, formalizing and highlighting the new clauses and\nconditions, as may be established by CLIENT.\n\n10.10. This AGREEMENT shall bind the parties, their successors and\nassigns at any title whatsoever.\n\n10.11. Any tolerance or failure of either party to enforce the faithful\ncompliance of this AGREEMENT shall not give rise to novation\nor waiver, nor affect the right of such party of enforcing its\nfulfilment at any time.\n\n10.12. The parties hereto have elected the jurisdiction of the District\nCourt of Rio de Janeiro/RJ to settle any actions arising hereto,\nwith the waiver of any other, however preferable it may be.\n\nIn witness whereof, the parties hereto have executed this instrument in the\npresence of two (02) witnesses, in two (02) counterparts of equal contents, for\none single effect.\n\nRio de Janeiro, xxxx xxxx, 202x.\nXXXXXXX\n\nXXXXXXXXXXXXXXXXXx\n\nXXXXXXXX P\u00e1gina 8 de 9\n\f", "page": 8}, {"text": "VISACIO\n\nWitnesses:\nTo \u00e0.\nName: Name:\nCPF: CPE:\nR.G. n\u00ba: R.G. n\u00ba:\n\nXXXXXXXX P\u00e1gina 9 de 9\n\f", "page": 9}]