[{"text": " \nVisagio Consultoria Assessoria e Desenvolvimento LTDA                                   P\u00e1gina\n \n1\n \nde\n \n9\n \nCONTRATO\n \nDE PRESTA\u00c7\u00c3O DE SERV\nI\u00c7O PARA \nXXXXXXXXXX\n \n \nCONTRATANTE\n: \n \nXXXXXXXXX\n.\n, \nsociedade \nan\u00f4nima de capital fechado, com sede na cidade de \nXXXXXXXXXXXXXXXXXXXXX\n, inscrita no CNPJ \nsob o n\u00ba \nXXXXXXXXXXXXXXX\n, neste ato \nrepresentada nos termos de seus atos\n \nconstitutivos;\n \n \ne\n \n \nCONTRATADA: \n \nVISAGIO CONSULTORIA \nASSESSORIA E DESENVOLVIMENTO LTDA\n.\n, \nempresa estabelecida na \nRua do Ros\u00e1r\nio, 114, \nandar\n \n1,2 e 3 \n\n \nCentro CEP\n \n20.041\n0\n02, \nna cidade \ndo Rio de \nJaneiro, inscrita no CNPJ sob o n\u00ba \n05.740.125/\n0\n001\n71, neste ato representada por \nseu representante legal adiante assinado.\n \n \nAs partes, acima nomeadas e qualificadas,\n \nem conjunto simplesmente \ndenominadas\n \n\nCONTRATANTES\n\nt\u00eam entre si como justo e combinado \no \npresente \nContrato\n \nde presta\u00e7\u00e3o de servi\u00e7os\n \nXXXXXXXXXXXXXXXXXXx\n \n\nCONTRATO\n\n,\n \no qual se reger\u00e1 pelas cl\u00e1usulas e condi\u00e7\u00f5es adiante \narticuladas: \n \n \n1.\n \nOBJETO\n \n \n1.1.\n \nTem por objeto \no presente \nCONTRATO\n \na presta\u00e7\u00e3o, pela \nCONTRATADA\n, d\ne\n \nservi\u00e7os profissionais de consultoria, nos \ntermos d\na\n \nXXXXXXXXXXXXXXXXXXXXXXXx\n,\n \na\n \nqu\nal segue em \nanexo\n, devidamente rubricada pelas \nContratantes\n, passa\nndo\n \na \nintegrar o presente \nCONTRATO\n, \nconstituindo o seu \n\nA\nNEXO\n \nI\n\n.\n \n \n1.1.1.\n \nEm caso de diverg\u00eancia entre o \nANEXO I\n \ne o presente \nCONTRATO\n, prevalecer\u00e3o os termos do presente \nCONTRATO\n.\n \n \n1.2.\n \nOs servi\u00e7os objeto deste \nCONTRATO\n \nser\u00e3o prestados no \nestabelecimento da \nCONTRATADA\n.\n \n \n \n \n2.\n \nPRE\u00c7O\n \n \n", "page": 1}, {"text": " \nVisagio Consultoria Assessoria e Desenvolvimento LTDA                                   P\u00e1gina\n \n2\n \nde\n \n9\n \n2.1.\n \nEm contrapartida \u00e0 plena execu\u00e7\u00e3o dos servi\u00e7os solicitados pela \nCONTRATANTE\n, ser\u00e1 pago \u00e0 \nCONTRATADA\n, o valor \nmensal bruto \nde \nR$ \nXXXXXXXX\n \n(\nXXXXXXXXXXX\n \nmil r\neais), que corresponde a \num subtotal\n \nl\u00edq\nuido de\n \nimpostos e contribui\u00e7\u00f5es de R$ \nXXXXXXXX\n, \nconforme tabela abaixo:\n \n \n \nDescri\u00e7\u00e3o\n \nAl\u00edquota\n \nValor\n \nV\nalor Bruto\n \n \nxxxxxx\n \nIR\n \n1,50%\n \n \nR$ xxxxx\n \nCSLL\n \n1,00%\n \n \nR$ xxxxx\n \nCOFINS\n \n3,00%\n \n \nR$ xxxxx\n \nPIS\n \n0,\n6\n5%\n \n \nR$ xxxxx\n \nISS\n \n5,00%\n \n \nR$ xxxxx\n \nIRPJ\n \n6,50%\n \n \nR$ xxxxx\n \nCSLL\n \n1,88%\n \n \nR$ xxxxx\n \nValor L\u00edquido\n \n \n \nR$ xxxxx\n \n \n \n \n2.1.1.\n \nO pagamento d\na\n \nparcela\n \nser\u00e1 realizado ap\u00f3s a entreg\na e \naprova\u00e7\u00e3o da documenta\u00e7\u00e3o da\n \netapa\n \npela \nCONTRATANTE\n.\n \n \n2.1.2.\n \nOs \ntributos (impostos, taxas, emolumentos, contribui\u00e7\u00f5es \nfiscais e parafiscais), que sejam devidos em decorr\u00eancia direta \nou indireta do presente \nCONTRATO\n \nou de sua execu\u00e7\u00e3o, \nser\u00e3o de exclusiva responsabilidade do respectivo \ncontribuinte, conforme determinado na legisla\u00e7\u00e3o em vigor, \nressalvado o \nISS (Imposto Sobre Servi\u00e7os), cujo \u00f4nus de \npagamento compete \u00e0 \nCONTRATANTE\n \ne a obriga\u00e7\u00e3o de \nrecolhimento \u00e0 \nCONTRA\nTADA\n, de forma que \no valor indicado \nno item\n \n2.1 corresponde ao valor total a ser arcado pela \nCONTRATANTE\n. A\n \nCONTRATADA\n \nreceber\u00e1 o pre\u00e7o \najustado\n \ndeduzido do valor do imposto devido na presta\u00e7\u00e3o, \nque ser\u00e1 re\ncolhido aos cofres p\u00fablicos pela\n \ntomador\na\n \ndo \nservi\n\u00e7o\n \n(\nCONTRATANTE\n)\n.\n \n \n2.1.3.\n \nSe durante o prazo de vig\u00eancia do CONTRATO ocorrer a \ncria\u00e7\u00e3o de novos tributos ou a majora\u00e7\u00e3o de al\u00edquotas e/ou de \nbase de c\u00e1lculo, os pre\u00e7os originariamente acordados ser\u00e3o \nrevistos proporcionalmente \u00e0 majora\u00e7\u00e3o corrida, \ncompensando\nse,\n \nna primeira oportunidade, a diferen\u00e7a \ndecorrente das respectivas altera\u00e7\u00f5es.\n \n \n \n2.1.4.\n \nO valor mencionado no item 2.1 acima n\u00e3o engloba despesas \nde viagens, hospedagem, alimenta\u00e7\u00e3o e traslados referentes \naos membros da equipe da \nCONTRATADA\n \natuando fora da \ncidade de \nXXXXXXX\n \ncaso necess\u00e1rio, devendo as mesmas \nserem pagas pela \nCONTRANTE\n \nou reembolsadas \u00e0 \nCONTRATADA\n \nmediante nota de d\u00e9bito. \n \n", "page": 2}, {"text": " \nVisagio Consultoria Assessoria e Desenvolvimento LTDA                                   P\u00e1gina\n \n3\n \nde\n \n9\n \n \n2.2.\n \nEm caso de ocorr\u00eancia de atrasos no projeto, os quais tenham sido \nmotivados por problemas internos \ninerentes \n\u00e0 \nCONTRATANTE,\n \ntais \ncomo \natraso em fun\u00e7\u00e3o da indisponibilidade da equipe \ndo \nXXXXXXX\n \npara entrevistas, levantamento de informa\u00e7\u00f5es\n \ne valida\u00e7\u00f5es no \nprazo adequado, assim como\n \nn\u00e3o \nfornecimento, em tempo h\u00e1bil e \nde forma precisa, de dados e informa\u00e7\u00f5\nes internas consideradas \nrelevantes para a realiza\u00e7\u00e3o do projeto\n. Desta forma, \nser\u00e1 cobrado \no valor de hh padr\u00e3o para cada tipo de profissional em fun\u00e7\u00e3o do \ntempo de aloca\u00e7\u00e3o adicional da equipe no projeto, \nconforme\n \nestabelecido\n \nno \nANEXO I\n,\n \nsendo certo que tais \najustes ser\u00e3o \nformalizados pela \nCONTRATANTE\n \npor escrito, mediante aprova\u00e7\u00e3o \npr\u00e9via e posterior assinatura de aditivo ao presente \nCONTRATO\n.\n \n \n2.3.\n \nOs pre\u00e7os descritos ser\u00e3o atualizados anualmente a partir da data \nda assinatura deste CONTRATO\n. A varia\u00e7\u00e3o ser\u00e1 feita com base no \nIGP\nM ou, na aus\u00eancia deste, \npelo IGP\nDI\n.\n \n \n \n3.\n \nPRAZO \n \n \n3.1.\n \nO presente \nCONTRATO\n \nvigorar\u00e1 a partir de sua assinatura at\u00e9 o \nadimplemento completo e total das obriga\u00e7\u00f5es nele assumidas \npelas partes\n, previsto para t\u00e9rmino em \nXXXXXX\n.\n \n \n3.1.1.\n \nO presente \nCONTRATO\n \npoder\u00e1 ser prorrogado, mediante \nacordo escrito entre as partes.\n \n \n3.1.2.\n \nIndependentemente do disposto acima, fica assegurado \u00e0 \nCONTRATANTE\n \no direito de resilir este \nCONTRATO\n, a \nqualquer tempo, independentemente de motivo, mediante \naviso expedido \u00e0 \nCONTRATADA\n, com 15\n \n(quinze) dias de \nanteced\u00eancia. \n \n4.\n \nRESCIS\u00c3O\n \n \n4.1.\n \nO presente \nCONTRATO\n \nser\u00e1 considerado rescindido em caso de \ninadimplemento a qualquer de suas cl\u00e1usulas ou condi\u00e7\u00f5es, por \nqualquer das partes, ou em virtude de fal\u00eancia, concordata, \ninsolv\u00eancia ou dissolu\u00e7\u00e3o judicial ou extrajudicial, homologadas ou \ndecretadas\n.\n \n \n4.2.\n \nEm caso de re\nscis\u00e3o\n \ncontratual \nmotivada por inadimplemento, a \nparte infratora\n \nficar\u00e1 sujeita ao pagamento de multa penal, n\u00e3\no \ncompensat\u00f3ria, equivalente a 2\n0% (\nvinte\n \npor cento) do valor \natualizado do restante dos servi\u00e7os\n.\n \n \n", "page": 3}, {"text": " \nVisagio Consultoria Assessoria e Desenvolvimento LTDA                                   P\u00e1gina\n \n4\n \nde\n \n9\n \n4.3.\n \nCaso a parte \nlesada\n \ntenha que recorrer \u00e0s vias judiciais para a \nsatisfa\u00e7\u00e3o de seu cr\u00e9dito, recurso cab\u00edvel apenas ap\u00f3s \nnotifica\u00e7\u00e3o \nda parte infratora seguida de in\u00e9rcia por parte\n \nda mesma, \nconsubstanciada na perman\u00eancia da situa\u00e7\u00e3o de\n \ninadimplemento \nem at\u00e9 15\n \n(quinze)\n \ndias \nc\nontados \ndo recebimento da referida \nnotifica\u00e7\u00e3o\n, \nser\u00e3o devidos\n \nos valores\n \ndescritos\n \nno item acima\n,\n \nsem \npreju\u00edzo das custas processuais e honor\u00e1rios de advogado\n \nporventura \narbitrados\n, em valor a ser determinado pelo ju\u00edzo\n,\n \nos \nquais dever\u00e3o ser arcados pela p\narte infratora.\n \n \n \n5.\n \nAUS\u00ca\nNCIA DE V\u00cdNCULO EMPREGAT\u00cdCIO\n \n \n \n5.1.\n \nO presente instrumento n\u00e3o acarreta qualquer v\u00ednculo empregat\u00edcio, \ntampouco qualquer tipo de associa\u00e7\u00e3o, mandato, agenciamento, \ncons\u00f3rcio ou responsabilidade solid\u00e1ria entre a \nCONTRATANTE\n \ne \na \nCONTRATADA\n.\n \n \n5.2.\n \nA \nCONTRATADA \nresponder\u00e1, integral e exclusivamente po\nr todos \nos \u00f4nus decorrentes da L\negisla\u00e7\u00e3o Social, do Trabalho e \nPrevid\u00eancia Social, bem como pelas reclama\u00e7\u00f5es trabalhistas \najuizadas ou por quaisquer autos de infra\u00e7\u00e3o lavrados pela \nfiscaliza\u00e7\u00e3o do \u00f3rg\u00e3o p\u00fablico competente, isentando e defendendo \na \nCONTRATANTE\n, se esta vier a ser aciona\nda judicialmente, \nreembolsando\na de quaisquer valores despendidos, com rela\u00e7\u00e3o ao \nobjeto do presente \nCONTRATO\n, inclusive honor\u00e1rios advocat\u00edcios.\n \n \n5.3.\n \nA \nCONTRATADA\n \nser\u00e1 respons\u00e1vel pelo pagamento de todos os \nencargos trabalhistas de seu pessoal, tais como sal\u00e1\nrios, despesas \ne demais responsabilidades. O pessoal da \nCONTRATADA\n \nn\u00e3o ter\u00e1 \nqualquer direito contra a \nCONTRATANTE\n, decorrente de v\u00ednculo \nempregat\u00edcio, e nem quanto a qualquer reivindica\u00e7\u00e3o sobre a \nlegisla\u00e7\u00e3o trabalhista ou previdenci\u00e1ria em vigor.\n \n \n5.4.\n \nN\u00e3o obs\ntante o disposto nos itens \n5\n.\n2 e 5\n.\n3\n \nacima, se a \nCONTRATANTE\n \nvier a ser demandada judicialmente por algum \nfuncion\u00e1rio da \nCONTRATADA\n, fica estabelecido que a \nCONTRATADA\n \ndever\u00e1 assumir a defesa da \nCONTRATANTE\n \nna \nop\u00e7\u00e3o que for assim ajuizada, pleiteando a sua exclus\u00e3o do feito, \nbem como intervir no processo pedindo a substitui\u00e7\u00e3o da \nCONTRATANTE\n \npor ela \nCONTRATADA\n, no p\u00f3lo passivo da \ndemanda, caso n\u00e3o tenha sido tamb\u00e9m chamada a integr\u00e1\nla. Na \nhip\u00f3tese de a subs\ntitui\u00e7\u00e3o pleiteada n\u00e3o ser aceita, a \nCONTRATADA\n \nse compromete a intervir no processo como \nassistente, na forma da l\nei processual. Adicionalmente, a\n \nCONTRATADA\n \narcar\u00e1 como todos os custos para tanto \nnecess\u00e1rios, inclusive com advogados, assim como responder\n\u00e1 \npelas condena\u00e7\u00f5es que porventura resultarem dessas mesmas \na\u00e7\u00f5es, inclusive as sucumb\u00eancias que venham a ser imputadas \u00e0 \nCONTRATANTE\n.\n \n", "page": 4}, {"text": " \nVisagio Consultoria Assessoria e Desenvolvimento LTDA                                   P\u00e1gina\n \n5\n \nde\n \n9\n \n \n5.5.\n \nA \nCONTRATADA\n \ndever\u00e1, obrigatoriamente, assumir a \nresponsabilidade por danos que seus empregados ou prepostos \ncausarem, v\nolunt\u00e1ria ou involuntariamente no im\u00f3vel, \ndepend\u00eancias, respectivos acess\u00f3rios, utens\u00edlios e equipamentos \nda \nCONTRATANTE\n.\n \n \n \n6.\n \nS\nIGILO\n \n \n6.1 A CONTRATADA declara ter ci\u00eancia de que a presta\u00e7\u00e3o dos \nservi\u00e7os objeto deste CONTRATO s\u00e3o confidenciais e, portanto, \nseus colaboradores, s\u00f3cios e empregados n\u00e3o divulgar\u00e3o qualquer \ninforma\u00e7\u00e3o obtida antes, durante e ap\u00f3s a presta\u00e7\u00e3o dos servi\u00e7os, \nbem como do que segue:\n \n \na) que todo e qualquer material das empresas onde os servi\u00e7os \nser\u00e3o prestados e/ou dos projetos relaci\nonados, inclusive notas \npessoais, s\u00e3o protegidos por sigilo e compromisso de n\u00e3o \ndivulga\u00e7\u00e3o. Portanto, declara ci\u00eancia de que todo documento ou \nproduto produzido ou obtido durante a execu\u00e7\u00e3o deste Contrato, \nbem como criado, usado ou mantido sob seu control\ne ou posse \n \nseja \nde seus colaboradores, com v\u00ednculo empregat\u00edcio ou eventual \n \n\u00e9 \nconfidencial e/ou pertencem a CONTRATANTE, assumindo, a \nCONTRATADA, o compromisso de n\u00e3o utilizar qualquer informa\u00e7\u00e3o, \nsigilosa ou n\u00e3o, para fins diversos da presta\u00e7\u00e3o dos se\nrvi\u00e7os objeto \ndeste Contrato;\n \n \nb) que determinar\u00e1 a todos os seus colaboradores que estejam, \ndireta ou indiretamente, envolvidos com a presta\u00e7\u00e3o dos servi\u00e7os ou \nprojetos relacionados, a observ\u00e2ncia desta cl\u00e1usula;\n \n \nd) que obriga\nse a informar, imediatament\ne, \u00e0 CONTRATANTE \nqualquer viola\u00e7\u00e3o das regras de sigilo ora estabelecidas, seja por \na\u00e7\u00e3o ou omiss\u00e3o, independentemente da exist\u00eancia de dolo;\n \n \ne) que o descumprimento desta Cl\u00e1usula acarretar\u00e1 a \nresponsabilidade civil e criminal dos que, comprovadamente, \ne\nstiverem envolvidos no descumprimento ou viola\u00e7\u00e3o;\n \n \nf)  as obriga\u00e7\u00f5es previstas nesta Cl\u00e1usula perdurar\u00e3o, inclusive, \nap\u00f3s o t\u00e9rmino da vig\u00eancia deste Contrato. \n \n \n \n \n \n \n", "page": 5}, {"text": " \nVisagio Consultoria Assessoria e Desenvolvimento LTDA                                   P\u00e1gina\n \n6\n \nde\n \n9\n \n7.\n \nPROTE\u00c7\u00c3O DE DADOS\n \n \n7.1.\n \nAs partes se comprometem e desde j\u00e1 se obrigam a respeitar \nintegralmente a legisla\u00e7\u00e3o vigente sobre prote\u00e7\u00e3o de dados, \nsobretudo, mas n\u00e3o exclusivamente, a Lei 13.709/2018 e o \nRegulamento Geral Europeu sobre a Prote\u00e7\u00e3o de Dados (GDPR), \neste quando aplic\u00e1vel, respondendo cada qual, na medida de sua \nculpabilidade, p\nor event\nuais penalidades e condena\u00e7\u00f5es.\n \n \n8.\n \nINTEGRIDADE\n \n \n8.1.\n \nAs partes declaram, na medida do aplic\u00e1vel, que cumprem e fazem \ncumprir, bem como seus s\u00f3cios/ acionistas, diretores e funcion\u00e1rios, \nas normas aplic\u00e1veis que versam sobre atos de corrup\u00e7\u00e3o e atos \nlesivo\ns contra a administra\u00e7\u00e3o p\u00fablica, na forma da Lei n\u00ba 12.846, de \n\nmedida em que: (i) mant\u00eam pol\u00edticas e procedimentos internos que \nasseguram integral cumprimento de tais normas; (ii) d\u00e3o pleno\n \nconhecimento de tais normas a todos os profissionais que venham a \nse relacionar com as partes previamente ao in\u00edcio da presta\u00e7\u00e3o dos \nservi\u00e7os objeto deste Contrato; (iii) abst\u00eam\nse de praticar atos de \ncorrup\u00e7\u00e3o e de agir de forma lesiva \u00e0 administra\u00e7\u00e3o p\u00fa\nblica, nacional \ne estrangeira, no seu interesse ou para seu benef\u00edcio, exclusivo ou \nn\u00e3o; e (iv) caso tenham conhecimento de qualquer ato ou fato que \nviole aludidas normas, comunicar\u00e3o imediatamente uma \u00e0 outra.\n \n \n9.\n \nCOMUNICA\u00c7\u00c3O\n \n \n9.1.\n \nAs formaliza\u00e7\u00f5es, avisos e \ncomunica\u00e7\u00f5es relacionadas \u00e0 presta\u00e7\u00e3o \ndos servi\u00e7os objeto deste Contrato ser\u00e3o v\u00e1lidas quando dirigidas e \nentregues aos seguintes representantes das partes:\n \n \nContratante:   \n \nNome:\n \nCargo:\n \nE\nmail:\n \nTelefone/ WhatsApp:\n \nEndere\u00e7o:\n \n \nContratada:\n \nNome:\n \nCargo:\n \nE\nmail:\n \n", "page": 6}, {"text": " \nVisagio Consultoria Assessoria e Desenvolvimento LTDA                                   P\u00e1gina\n \n7\n \nde\n \n9\n \nTelefone/ WhatsApp:\n \nEndere\u00e7o:\n \n \nOs contatos acima poder\u00e3o ser alterados por mera formaliza\u00e7\u00e3o por escrito \nentre as partes, sendo dispens\u00e1vel aditivo contratual para esta finalidade.\n \n \n10.\n \nDISPOSI\u00c7\u00d5ES GERAIS\n \n \n10\n.1.\n \nA \nCONTRATANTE\n \npoder\u00e1 rejeitar os servi\u00e7os que estejam, de \nmaneira incontestada pela \nCONTRATADA\n \ne tecnicamente \ncomprovada, em desacordo com as especifica\u00e7\u00f5es da proposta, \nobrigando\nse a \nCONTRATADA\n, somente e unicamente nesta \nhip\u00f3tese, a refaz\u00ea\nlos ou corrigi\nlos.\n \n \n10\n.1.\n1. \nA \nCONTRATADA\n \nn\u00e3o se responsabiliza por quaisquer \nmodifica\u00e7\u00f5es nos Servi\u00e7os entregues que tenham sido \nrealizadas pela \nCONTRATANTE\n.\n \n \n \n10\n.2. A \nCONTRATADA\n \nse compromete a utilizar profissionais \nqualificados de acordo com a respectiva \u00e1rea de expertise para \na \npresta\u00e7\u00e3o dos Servi\u00e7os. A \nCONTRATADA\n \npoder\u00e1 a qualquer tempo, \na seu exclusivo crit\u00e9rio e sem necessidade de notifica\u00e7\u00e3o pr\u00e9via, \nsubstituir quaisquer profissionais da equipe destacada para a \npresta\u00e7\u00e3o dos Servi\u00e7os, desde que mantenha a continuidade \ne o \npa\ndr\u00e3o de qualidade \ndos mesmos.\n \n \n10\n.3. \nA\n \nCONTRATADA\n \npoder\u00e1 utilizar a colabora\u00e7\u00e3o de terceiros\n \npara \nexecu\u00e7\u00e3o dos Servi\u00e7os, que permanecer\u00e3o sob\n \nresponsabilidade da \nCONTRATADA\n.\n \n \n10\n.4. N\u00e3o h\u00e1 qualquer exig\u00eancia de dedica\u00e7\u00e3o exclusiva por parte da \nCONTRATADA\n \nsobre as atividades e Servi\u00e7os previstos neste \nCONTRATO\n \ne, portanto, a \nCONTRATADA\n \npoder\u00e1\n \nprestar o mesmo \ntipo de Servi\u00e7os para outras empresas, seja no Brasil ou no exterior, \nno mesmo setor, desde que a \nCONTRATADA\n \nadote medidas \napropriadas para proteger a\ns informa\u00e7\u00f5es confidenciais da \nCONTRATANTE\n.\n \n \n10\n.5. A \nCONTRATANTE\n \nse obriga a n\u00e3o ofertar emprego e/ou trabalho, \nbem como solicitar proposta de consultoria e/ou assessoria, direta \nou indiretamente a \nqualquer profissional da \nCONTRATADA\n \nque \nparticip\ne direta ou indiretamente \nn\na \nexecu\u00e7\u00e3o deste CONTRATO\n, \ndurante todo o per\u00edodo de vig\u00eancia do presente CONTRATO, bem \ncomo pelo prazo adicional de 24 (vinte e quatro) meses ap\u00f3s o seu \nt\u00e9rmino\n.\n \n \n \n", "page": 7}, {"text": " \nVisagio Consultoria Assessoria e Desenvolvimento LTDA                                   P\u00e1gina\n \n8\n \nde\n \n9\n \n10\n.\n6\n. A \nCONTRATADA\n \nmanter\u00e1 todos os direitos, t\u00edtulos e interess\nes \nsobre: (i) todas as patentes, copyrights, marcas e outras \npropriedades intelectuais; e (ii) todas as metodologias, processos, \nt\u00e9cnicas, ideias, conceitos e know\nhow envolvidos nos Servi\u00e7os ou \nque a \nCONTRATADA\n \nvenha a desenvolver ou fornecer em conex\u00e3o \nc\nom a \nexecu\u00e7\u00e3o d\neste \nCONTRATO\n. A \nCONTRATADA\n \npoder\u00e1 \nutilizar o conhecimento gerado para qualquer prop\u00f3sito, desde que \nrespeite as restri\u00e7\u00f5es de confidencialidade contidas neste \nCONTRATO\n. A \nCONTRATANTE\n \nn\u00e3o ter\u00e1 quaisquer direitos \nou \ninteresses em quaisquer fe\nrramentas detidas ou licenciadas pela \nCONTRATADA\n.\n \n \n10\n.\n7\n. \n \nA responsabilidade total da \nCONTRATADA\n, seus s\u00f3cios, pessoas \npertencentes ao seu grupo corporativo e econ\u00f4mico, profissionais, \nempregados, colaboradores e qualquer terceiro subcontratado sob \neste \nCONTRATO\n \nn\u00e3o poder\u00e1, em nenhuma hip\u00f3tese, exceder a \nremunera\u00e7\u00e3o que a \nCONTRATADA\n \nreceba por seu trabalho \nexecutado, exceto nos casos de (i) decis\u00e3o final transitada em \njulgado que comprove atua\u00e7\u00e3o fraudulenta ou dolo da \nCONTRATADA\n; (ii) reclama\u00e7\u00f5es trabalh\nistas de empregados ou \nsubcontratados da \nCONTRATADA\n \nintentadas contra a \nCONTRATANTE\n; (iii) n\u00e3o cumprimento das disposi\u00e7\u00f5es \nanticorrup\u00e7\u00e3o e (iv) atua\u00e7\u00e3o em conflito de interesse.\n \n \n10\n.\n7\n.1. Em nenhuma circunst\u00e2ncia a \nCONTRATADA\n, seus s\u00f3cios, \npessoas pertencen\ntes ao seu grupo corporativo e econ\u00f4mico, \nprofissionais, empregados, colaboradores e qualquer terceiro \nsubcontratado ser\u00e1 respons\u00e1vel por lucros cessantes, danos \nindiretos, perda de oportunidade\n \nda\n \nCONTRATANTE\n \nou \nquaisquer outros terceiros.\n \n \n10\n.\n8\n. \n \nA \nCONTR\nATA\nDA\n \nn\u00e3o \u00e9 respons\u00e1vel por verificar a exatid\u00e3o e a \ncompletude \nde dados p\u00fablicos ou informa\u00e7\u00f5es fornecidas pela \nCONTRATANTE\n. A \nCONTRATANTE\n \nconcorda que a \nCONTRATADA\n \nn\u00e3o \u00e9 respons\u00e1vel pela exatid\u00e3o ou completude \ndas informa\u00e7\u00f5es e n\u00e3o poder\u00e1 ser responsabilizada pela \ninexatid\u00e3o ou omiss\u00e3o de informa\u00e7\u00f5es. \n \n \n", "page": 8}, {"text": " \nVisagio Consultoria Assessoria e Desenvolvimento LTDA                                   P\u00e1gina\n \n9\n \nde\n \n9\n \n10\n.\n9\n. Todos os entendimentos sobre o andamento, modifica\u00e7\u00f5es ou \naltera\u00e7\u00f5es das especifica\u00e7\u00f5es originais dos servi\u00e7\nos, objeto deste \nCONTRATO\n, dever\u00e3o ser feitos mediante troca de \ncorrespond\u00eancias, as quais passar\u00e3o a fazer parte integrante e \ncomplementar do presente instrumento, sendo \nsem\n \nefeito as \ncombina\u00e7\u00f5es verbais. Em caso de diverg\u00eancia entre este \nCONTRATO\n \ne os do\ncumentos que a ele forem anexados,\n \nsempre \ndever\u00e1\n \nprevalecer o \nprimeiro\n. \nCaso \na \nCONTRATANTE\n \ndeseje\n \nque os documentos\n \ncom conte\u00fado divergente ao aqui previsto,\n \neventualmente anexados ao presente \nCONTRATO\n \nprevale\u00e7am \nao \nmesmo, dever\u00e1\n \nser firmado instrumento aditivo, formalizando \ne destacando as\n \nnovas\n \ncl\u00e1usulas e condi\u00e7\u00f5es\n, da forma com\no \nvierem a ser estipuladas pela\n \nCONTRATANTE\n.\n \n \n \n10\n.1\n0\n. \nEste \nCONTRATO\n \nobriga as partes, seus sucessores e \ncession\u00e1rios a qualquer t\u00edtulo.\n \n \n10\n.\n1\n1\n. Qualquer omiss\u00e3o ou toler\u00e2ncia das partes em exigir o fiel \ncumprimento dos termos e condi\u00e7\u00f5es deste \nCONTRATO\n, n\u00e3o \nconstituir\u00e1 nova\u00e7\u00e3o ou ren\u00fancia, nem afetar\u00e1 o direito de a parte \nexigir seu cumprimento a qualquer tempo.\n \n \n10\n.\n1\n2\n. As partes elegem como competente para qualquer a\u00e7\u00e3o \ndecorrente deste \nCONTRATO\n, com exclus\u00e3o de qualquer outro, \npor mais privilegiado que \nseja\n \no foro da cidade \ndo Rio de \nJaneiro\n/RJ\n.\n \n \n \nE, por estarem, assim, de pleno e comum acordo com as cl\u00e1usulas e condi\n\u00e7\u00f5es \nestatu\u00eddas no presente instrumento, as partes contratantes o as\nsinam \nna \npresen\u00e7a de\n \n2 (\nduas\n)\n \ntestemunhas, em 2 \n(\nduas\n) vias de igual teor e forma, para \num s\u00f3 efeito.  \n \n \nRio de Janeiro\n,\n \nxxxx\n \nde\n \nxxxx\n \nde\n \n20\n2\nx.\n \n \n \n_________________________________\n_________________\n \nXXXXXXX\n \n \n \n_____________________\n_____________________________\n_\n                     \n \nVISAGIO CONSULTORIA ASSESSORIA E DESENVOLVIMENTO LTDA\n.\n \n \nTestemunhas:\n \n \n1.______________________________ \n \n \n2.___________________________\n \nNome: \n \n \n \n \n \n \nNome:\n \nCPF:\n \n \n \n \n \n \n \nCPF:\n \nR.G. n\u00b0: \n \n \n \n \n \n \nR.G. n\u00b0:\n \n", "page": 9}]