[{"text": "VISACIO\n\nCONTRATO DE PRESTA\u00c7\u00c3O DE SERVI\u00c7O PARA XXXXXXXXXX\n\nCONTRATANTE:\n\nXXXXXXXXX.,\n\nsociedade\n\nan\u00f4nima de capital fechado, com sede na cidade de\n\nXXXXXXXXXXXXXXXXXXXXX, inscrita no CNPJ\n\nsob o\n\nn\u00ba\n\nneste ato\n\nRXXXXXXXXXXXXXX,\n\nrepresentada nos termos de seus atos constitutivos;\n\ne\n\nCONTRATADA:\n\nVISAGIO\n\nCONSULTORIA\n\nASSESSORIA E DESENVOLVIMENTO LTDA.,\n\nempresa estabelecida na Rua do Ros\u00e1rio, 114,\n\nandar 1,2 e 3 \u2014 Centro CEP 20.041-002, na cidade\n\ndo Rio de Janeiro, inscrita no CNPJ sob o n\u00ba\n\n05.740.125/0001-71, neste ato representada por\n\nseu representante legal adiante assinado.\n\nAs partes, acima nomeadas e qualificadas, em conjunto simplesmente\n\ndenominadas \u201cCONTRATANTES\u201d, t\u00eam entre si como justo e combinado o\n\npresente Contrato de presta\u00e7\u00e3o de servi\u00e7os XXXXXXXXXXXXXXXXXXx\n\n((CONTRATO\u201d), o qual se reger\u00e1 pelas cl\u00e1usulas e condi\u00e7\u00f5es adiante\n\narticuladas:\n\nOBJETO\n\n1.1\n\nTem por objeto o presente CONTRATO a presta\u00e7\u00e3o, pela\n\nCONTRATADA, de servi\u00e7os profissionais de consultoria, nos\n\ntermos da XXXXXXXXXXXXXXXXXXXXXXXx, a qual segue em\n\nanexo, devidamente rubricada pelas Contratantes, passando a\n\nintegrar o presente CONTRATO, constituindo o seu \u201cANEXO |\u201d.\n\n1.1.1. Em caso de diverg\u00eancia entre o ANEXO I e o presente\n\nCONTRATO,\n\nprevalecer\u00e3o\n\nos\n\ntermos\n\ndo\n\npresente\n\nCONTRATO.\n\n1.2. Os servi\u00e7os objeto deste CONTRATO ser\u00e3o prestados no\n\nestabelecimento da CONTRATADA.\n\nPRE\u00c7O\n\nVisagio Consultoria Assessoria e Desenvolvimento LTDA\n\nP\u00e1gina 1 de 9", "page": 1}, {"text": "VISACIO\n\n2.1\n\nEm contrapartida a plena execu\u00e7\u00e3o dos servi\u00e7os solicitados pela\n\nCONTRATANTE, ser\u00e1 pago \u00e0 CONTRATADA, o valor mensal bruto\n\nde R$ XXXXXXXX (XXXXXXXXXXX mil reais), que corresponde a\n\num subtotal l\u00edquido de impostos e contribui\u00e7\u00f5es de R$ XXXXXXXX,\n\nconforme tabela abaixo:\n\nDescri\u00e7\u00e3o\n\nAl\u00edquota\n\nValor\n\nValor Bruto\n\nXXXXXX\n\nIR\n\n1,50%\n\nR$ xxxxx\n\nCSLL\n\n1,00%\n\nR$ xxxxx\n\nCOFINS\n\n3,00%\n\nR$ xxxxx\n\nPIS\n\n0,65%\n\nR$ xxxxx\n\nISS\n\n5,00%\n\nR$ xxxxx\n\nIRPJ\n\n6,50%\n\nR$ xxxxx\n\nCSLL\n\n1,88%\n\nR$ xxxxx\n\nValor L\u00edquido\n\nR$ xxxxx\n\n2.1.1. O pagamento da parcela ser\u00e1 realizado ap\u00f3s a entrega e\n\naprova\u00e7\u00e3o da documenta\u00e7\u00e3o da etapa pela CONTRATANTE.\n\n2.1.2\n\nOs tributos (impostos, taxas, emolumentos, contribui\u00e7\u00f5es\n\nfiscais e parafiscais), que sejam devidos em decorr\u00eancia direta\n\nou indireta do presente CONTRATO ou de sua execu\u00e7\u00e3o,\n\nser\u00e3o\n\nde\n\nexclusiva\n\nresponsabilidade\n\ndo\n\nrespectivo\n\ncontribuinte, conforme determinado na legisla\u00e7\u00e3o em vigor,\n\nressalvado o ISS (Imposto Sobre Servi\u00e7os), cujo \u00f4nus de\n\npagamento compete \u00e0 CONTRATANTE e a obriga\u00e7\u00e3o de\n\nrecolhimento \u00e0 CONTRATADA, de forma que o valor indicado\n\nno item 2.1 corresponde ao valor total a ser arcado pela\n\nCONTRATANTE. A CONTRATADA\n\nreceber\u00e1 o pre\u00e7o\n\najustado deduzido do valor do imposto devido na presta\u00e7\u00e3o,\n\nque ser\u00e1 recolhido aos cofres p\u00fablicos pela tomadora do\n\nservi\u00e7o (CONTRATANTE).\n\n2.1.3\n\nSe durante o prazo de vig\u00e9ncia do CONTRATO ocorrer a\n\ncria\u00e7\u00e3o de novos tributos ou a majora\u00e7\u00e3o de al\u00edquotas e/ou de\n\nbase de c\u00e1lculo, os pre\u00e7os originariamente acordados ser\u00e3o\n\nrevistos\n\nproporcionalmente\n\na\n\nmajora\u00e7\u00e3o\n\ncorrida,\n\ncompensando-se, na primeira oportunidade, a diferen\u00e7a\n\ndecorrente das respectivas altera\u00e7\u00f5es.\n\n2.1.4\n\nO valor mencionado no item 2.1 acima nao engloba despesas\n\nde viagens, hospedagem, alimenta\u00e7\u00e3o e traslados referentes\n\naos membros da equipe da CONTRATADA atuando fora da\n\ncidade de XXXXXXX caso necess\u00e1rio, devendo as mesmas\n\nreembolsadas \u00e0\n\nserem pagas pela CONTRANTE ou\n\nCONTRATADA mediante nota de d\u00e9bito.\n\nVisagio Consultoria Assessoria e Desenvolvimento LTDA\n\nP\u00e1gina 2 de 9", "page": 2}, {"text": "VISACIO\n\n2.2. Em caso de ocorr\u00eancia de atrasos no projeto, os quais tenham sido\n\nmotivados por problemas internos inerentes \u00e0 CONTRATANTE, tais\n\ncomo atraso em fun\u00e7\u00e3o da indisponibilidade da equipe do XXXXXXX\n\npara entrevistas, levantamento de informa\u00e7\u00f5es e valida\u00e7\u00f5es no\n\nprazo adequado, assim como n\u00e3o fornecimento, em tempo h\u00e1bil e\n\nde forma precisa, de dados e informa\u00e7\u00f5es internas consideradas\n\nrelevantes para a realiza\u00e7\u00e3o do projeto. Desta forma, ser\u00e1 cobrado\n\no valor de hh padr\u00e3o para cada tipo de profissional em fun\u00e7\u00e3o do\n\ntempo de aloca\u00e7\u00e3o adicional da equipe no projeto, conforme\n\nestabelecido no ANEXO I, sendo certo que tais ajustes ser\u00e3o\n\nformalizados pela CONTRATANTE por escrito, mediante aprova\u00e7\u00e3o\n\npr\u00e9via e posterior assinatura de aditivo ao presente CONTRATO.\n\n2.3\n\nOs pre\u00e7os descritos ser\u00e3o atualizados anualmente a partir da data\n\nda assinatura deste CONTRATO. A varia\u00e7\u00e3o ser\u00e1 feita com base no\n\nIGP-M ou, na aus\u00eancia deste, pelo IGP-DI.\n\n3\n\nPRAZO\n\n3.1\n\nO presente CONTRATO vigorar\u00e1 a partir de sua assinatura at\u00e9 o\n\nadimplemento completo e total das obriga\u00e7\u00f5es nele assumidas\n\npelas partes, previsto para t\u00e9rmino em XXXXXX.\n\n3.1.1. O presente CONTRATO poder\u00e1 ser prorrogado, mediante\n\nacordo escrito entre as partes.\n\n3.1.2. Independentemente do disposto acima, fica assegurado \u00e0\n\nCONTRATANTE o direito de resilr este CONTRATO, a\n\nqualquer tempo, independentemente de motivo, mediante\n\naviso expedido \u00e0 CONTRATADA, com 15 (quinze) dias de\n\nanteced\u00eancia.\n\n4\n\nRESCIS\u00c3O\n\n4.1\n\nO presente CONTRATO sera considerado rescindido em caso de\n\ninadimplemento a qualquer de suas cl\u00e1usulas ou condi\u00e7\u00f5es, por\n\nqualquer das partes, ou em virtude de fal\u00eancia, concordata,\n\ninsolv\u00eancia ou dissolu\u00e7\u00e3o judicial ou extrajudicial, homologadas ou\n\ndecretadas.\n\n4.2\n\nEm caso de rescis\u00e3o contratual motivada por inadimplemento, a\n\nparte infratora ficar\u00e1 sujeita ao pagamento de multa penal, n\u00e3o\n\ncompensat\u00f3ria, equivalente a 20% (vinte por cento) do valor\n\natualizado do restante dos servi\u00e7os.\n\nVisagio Consultoria Assessoria e Desenvolvimento LTDA\n\nP\u00e1gina 3 de 9", "page": 3}, {"text": "VISACIO\n\n4.3. Caso a parte lesada tenha que recorrer as vias judiciais para a\n\nsatisfa\u00e7\u00e3o de seu cr\u00e9dito, recurso cab\u00edvel apenas ap\u00f3s notifica\u00e7\u00e3o\n\nd\n\na\n\narte\n\ninfratora seguida de in\u00e9rcia\n\nor\n\narte da mesma\n\nC\n\nonsubstanciada na perman\u00eancia da situa\u00e7\u00e3o de inadimplemento\n\nem at\u00e9 15\n\nuinze) dias contados do recebimento da referida\n\nnotifica\u00e7\u00e3o, ser\u00e3o devidos os valores descritos no item acima, sem\n\npreju\u00edzo das custas processuais e honor\u00e1rios de advogado\n\nporventura arbitrados, em valor a ser determinado pelo ju\u00edzo, os\n\nquais dever\u00e3o ser arcados pela parte infratora.\n\nAUS\u00caNCIA DE V\u00cdNCULO EMPREGAT\u00cdCIO\n\n5.1\n\nO presente instrumento nao acarreta qualquer vinculo empregaticio,\n\ntampouco qualquer tipo de associa\u00e7\u00e3o, mandato, agenciamento,\n\ncons\u00f3rcio ou responsabilidade solid\u00e1ria entre a CONTRATANTE e\n\na CONTRATADA.\n\n5.2\n\nA CONTRATADA responder\u00e1, integral e exclusivamente por todos\n\nos \u00f4nus decorrentes da Legisla\u00e7\u00e3o Social,\n\ndo Trabalho e\n\nPrevid\u00eancia Social, bem como pelas reclama\u00e7\u00f5es trabalhistas\n\najuizadas ou por quaisquer autos de infra\u00e7\u00e3o lavrados pela\n\nfiscaliza\u00e7\u00e3o do \u00f3rg\u00e3o p\u00fablico competente, isentando e defendendo\n\na CONTRATANTE, se esta vier a ser acionada judicialmente,\n\nreembolsando-a de quaisquer valores despendidos, com rela\u00e7\u00e3o ao\n\nobjeto do presente CONTRATO, inclusive honor\u00e1rios advocat\u00edcios.\n\n5.3\n\nA CONTRATADA sera responsavel pelo pagamento de todos os\n\nencargos trabalhistas de seu pessoal, tais como salarios, despesas\n\ne demais responsabilidades. O pessoal da CONTRATADA n\u00e3o tera\n\nqualquer direito contra a CONTRATANTE, decorrente de v\u00ednculo\n\nempregat\u00edcio, e nem quanto a qualquer reivindica\u00e7\u00e3o sobre a\n\nlegisla\u00e7\u00e3o trabalhista ou previdenci\u00e1ria em vigor.\n\n5.4\n\nN\u00e3o obstante o disposto nos itens 5.2 e 5.3 acima, se a\n\nCONTRATANTE vier a ser demandada judicialmente por algum\n\nfuncion\u00e1rio da\n\nCONTRATADA,\n\nfica\n\nestabelecido que\n\na\n\nCONTRATADA dever\u00e1 assumir a defesa da CONTRATANTE na\n\nop\u00e7\u00e3o que for assim ajuizada, pleiteando a sua exclus\u00e3o do feito,\n\nbem como\n\nintervir no processo pedindo a substitui\u00e7\u00e3o da\n\nCONTRATANTE por ela CONTRATADA, no p\u00f3lo passivo da\n\ndemanda, caso n\u00e3o tenha sido tamb\u00e9m chamada a integr\u00e1-la. Na\n\nhip\u00f3tese de a substitui\u00e7\u00e3o pleiteada n\u00e3o ser\n\naceita,\n\na\n\nCONTRATADA se compromete a intervir no processo como\n\nna forma da\n\nlei\n\na\n\nassistente,\n\nprocessual.\n\nAdicionalmente,\n\nCONTRATADA\n\narcar\u00e1 como\n\ntodos os custos para\n\ntanto\n\nnecess\u00e1rios, inclusive com advogados, assim como responder\u00e1\n\npelas condena\u00e7\u00f5es que porventura resultarem dessas mesmas\n\na\u00e7\u00f5es, inclusive as sucumb\u00eancias que venham a ser imputadas \u00e0\n\nCONTRATANTE.\n\nVisagio Consultoria Assessoria e Desenvolvimento LTDA\n\nP\u00e1gina 4 de 9", "page": 4}, {"text": "VISACIO\n\n5.5. A CONTRATADA\n\ndevera,\n\nobrigatoriamente,\n\nassumir\n\na\n\nresponsabilidade por danos que seus empregados ou prepostos\n\ncausarem,\n\nvoluntaria\n\nou\n\ninvoluntariamente\n\nno\n\nim\u00f3vel,\n\ndepend\u00eancias, respectivos acess\u00f3rios, utens\u00edlios e equipamentos\n\nda CONTRATANTE.\n\n6\n\nSIGILO\n\n6.1 A CONTRATADA declara ter ci\u00eancia de que a presta\u00e7\u00e3o dos\n\nservi\u00e7os objeto deste CONTRATO s\u00e3o confidenciais e, portanto,\n\nseus colaboradores, s\u00f3cios e empregados n\u00e3o divulgar\u00e3o qualquer\n\ninforma\u00e7\u00e3o obtida antes, durante e ap\u00f3s a presta\u00e7\u00e3o dos servi\u00e7os,\n\nbem como do que segue:\n\na) que todo e qualquer material das empresas onde os servi\u00e7os\n\nser\u00e3o prestados e/ou dos projetos relacionados, inclusive notas\n\npessoais, s\u00e3o protegidos por sigilo e compromisso de n\u00e3o\n\ndivulga\u00e7\u00e3o. Portanto, declara ci\u00eancia de que todo documento ou\n\nproduto produzido ou obtido durante a execu\u00e7\u00e3o deste Contrato,\n\nbem como criado, usado ou mantido sob seu controle ou posse - seja\n\nde seus colaboradores, com v\u00ednculo empregat\u00edcio ou eventual - \u00e9\n\nconfidencial e/ou pertencem a CONTRATANTE, assumindo, a\n\nCONTRATADA, o compromisso de n\u00e3o utilizar qualquer informa\u00e7\u00e3o,\n\nsigilosa ou n\u00e3o, para fins diversos da presta\u00e7\u00e3o dos servi\u00e7os objeto\n\ndeste Contrato;\n\nb) que determinar\u00e1 a todos os seus colaboradores que estejam,\n\ndireta ou indiretamente, envolvidos com a presta\u00e7\u00e3o dos servi\u00e7os ou\n\nprojetos relacionados, a observ\u00e2ncia desta cl\u00e1usula;\n\nd) que obriga-se a informar, imediatamente, \u00e0 CONTRATANTE\n\nqualquer viola\u00e7\u00e3o das regras de sigilo ora estabelecidas, seja por\n\na\u00e7\u00e3o ou omiss\u00e3o, independentemente da exist\u00eancia de dolo;\n\nque o descumprimento desta Cl\u00e1usula\n\nacarretar\u00e1 a\n\ne)\n\nresponsabilidade civil e criminal dos que, comprovadamente,\n\nestiverem envolvidos no descumprimento ou viola\u00e7\u00e3o;\n\nf)\n\nas obriga\u00e7\u00f5es previstas nesta Cl\u00e1usula perdurarao, inclusive,\n\nap\u00f3s o t\u00e9rmino da vig\u00eancia deste Contrato.\n\nVisagio Consultoria Assessoria e Desenvolvimento LTDA\n\nP\u00e1gina 5 de 9", "page": 5}, {"text": "VISACIO\n\n7. PROTE\u00c7\u00c3O DE DADOS\n\n7.1. As partes se comprometem e desde j\u00e1 se obrigam a respeitar\n\nintegralmente a legisla\u00e7\u00e3o vigente sobre prote\u00e7\u00e3o de dados,\n\nsobretudo, mas n\u00e3o exclusivamente, a Lei\n\n13.709/2018 e o\n\nRegulamento Geral Europeu sobre a Prote\u00e7\u00e3o de Dados (GDPR),\n\neste quando aplic\u00e1vel, respondendo cada qual, na medida de sua\n\nculpabilidade, por eventuais penalidades e condena\u00e7\u00f5es.\n\n8\n\nINTEGRIDADE\n\n8.1. As partes declaram, na medida do aplic\u00e1vel, que cumprem e fazem\n\ncumprir, bem como seus s\u00f3cios/ acionistas, diretores e funcion\u00e1rios,\n\nas normas aplic\u00e1veis que versam sobre atos de corrup\u00e7\u00e3o e atos\n\nlesivos contra a administra\u00e7\u00e3o p\u00fablica, na forma da Lei n\u00ba 12.846, de\n\n1\u00ba de agosto de 2013, conforme alterada (\u201cLei Anticorrup\u00e7\u00e3o\u201d), na\n\nmedida em que: (i) mant\u00eam pol\u00edticas e procedimentos internos que\n\nasseguram integral cumprimento de tais normas; (ii) d\u00e3o pleno\n\nconhecimento de tais normas a todos os profissionais que venham a\n\nse relacionar com as partes previamente ao in\u00edcio da presta\u00e7\u00e3o dos\n\nservi\u00e7os objeto deste Contrato; (ili) abst\u00eam-se de praticar atos de\n\ncorrup\u00e7\u00e3o e de agir de forma lesiva \u00e0 administra\u00e7\u00e3o p\u00fablica, nacional\n\ne estrangeira, no seu interesse ou para seu benef\u00edcio, exclusivo ou\n\nn\u00e3o; e (iv) caso tenham conhecimento de qualquer ato ou fato que\n\nviole aludidas normas, comunicar\u00e3o imediatamente uma \u00e0 outra.\n\n9. COMUNICA\u00c7\u00c3O\n\n9.1. As formaliza\u00e7\u00f5es, avisos e comunica\u00e7\u00f5es relacionadas \u00e0 presta\u00e7\u00e3o\n\ndos servi\u00e7os objeto deste Contrato ser\u00e3o v\u00e1lidas quando dirigidas e\n\nentregues aos seguintes representantes das partes:\n\nContratante:\n\nNome:\n\nCargo:\n\nE-mail:\n\nTelefone/ WhatsApp:\n\nEndere\u00e7o:\n\nContratada:\n\nNome:\n\nCargo:\n\nE-mail:\n\nVisagio Consultoria Assessoria e Desenvolvimento LTDA\n\nP\u00e1gina 6 de 9", "page": 6}, {"text": "VISACIO\n\nTelefone/ WhatsApp:\n\nEndere\u00e7o:\n\nOs contatos acima poder\u00e3o ser alterados por mera formaliza\u00e7\u00e3o por escrito\n\nentre as partes, sendo dispens\u00e1vel aditivo contratual para esta finalidade.\n\n10. DISPOSI\u00c7\u00d5ES GERAIS\n\n10.1. A CONTRATANTE poder\u00e1 rejeitar os servi\u00e7os que estejam, de\n\nmaneira\n\ntecnicamente\n\nincontestada pela CONTRATADA e\n\ncomprovada, em desacordo com as especifica\u00e7\u00f5es da proposta,\n\nobrigando-se a CONTRATADA, somente e unicamente nesta\n\nhip\u00f3tese, a refaz\u00ea-los ou corrigi-los.\n\n10.1.1. A CONTRATADA n\u00e3o se responsabiliza por quaisquer\n\nmodifica\u00e7\u00f5es nos Servi\u00e7os entregues que tenham sido\n\nrealizadas pela CONTRATANTE.\n\n10.2. A CONTRATADA se compromete a utilizar\n\nprofissionais\n\nqualificados de acordo com a respectiva \u00e1rea de expertise para a\n\npresta\u00e7\u00e3o dos Servi\u00e7os. A CONTRATADA poder\u00e1 a qualquer tempo,\n\na seu exclusivo crit\u00e9rio e sem necessidade de notifica\u00e7\u00e3o pr\u00e9via,\n\nsubstituir quaisquer profissionais da equipe destacada para a\n\npresta\u00e7\u00e3o dos Servi\u00e7os, desde que mantenha a continuidade e o\n\npadr\u00e3o de qualidade dos mesmos.\n\n10.3. A CONTRATADA poder\u00e1 utilizar a colabora\u00e7\u00e3o de terceiros para\n\nexecu\u00e7\u00e3o dos Servi\u00e7os, que permanecer\u00e3o sob responsabilidade da\n\nCONTRATADA.\n\n10.4. N\u00e3o h\u00e1 qualquer exig\u00eancia de dedica\u00e7\u00e3o exclusiva por parte da\n\nCONTRATADA sobre as atividades e Servi\u00e7os previstos neste\n\nCONTRATO e, portanto, a CONTRATADA poder\u00e1 prestar o mesmo\n\ntipo de Servi\u00e7os para outras empresas, seja no Brasil ou no exterior,\n\nno mesmo setor, desde que a CONTRATADA adote medidas\n\napropriadas para proteger\n\nas\n\ninforma\u00e7\u00f5es confidenciais da\n\nCONTRATANTE.\n\n10.5\n\nA CONTRATANTE se obriga a n\u00e3o ofertar emprego e/ou trabalho,\n\nbem como solicitar proposta de consultoria e/ou assessoria, direta\n\nou indiretamente a qualquer profissional da CONTRATADA que\n\nparticipe direta ou indiretamente na execu\u00e7\u00e3o deste CONTRATO,\n\ndurante todo o per\u00edodo de vig\u00eancia do presente CONTRATO, bem\n\ncomo pelo prazo adicional de 24 (vinte e quatro) meses ap\u00f3s o seu\n\nt\u00e9rmino.\n\nVisagio Consultoria Assessoria e Desenvolvimento LTDA\n\nP\u00e1gina 7 de 9", "page": 7}, {"text": "VISACIO\n\n10.6. A CONTRATADA mantera todos os direitos, titulos e interesses\n\nsobre:\n\nmarcas e outras\n\n(i) todas as patentes,\n\ncopyrights,\n\npropriedades intelectuais; e (ii) todas as metodologias, processos,\n\nt\u00e9cnicas, ideias, conceitos e know-how envolvidos nos Servi\u00e7os ou\n\nque a CONTRATADA venha a desenvolver ou fornecer em conex\u00e3o\n\ncom a execu\u00e7\u00e3o deste CONTRATO. A CONTRATADA poder\u00e1\n\nutilizar o conhecimento gerado para qualquer prop\u00f3sito, desde que\n\nrespeite as\n\nrestri\u00e7\u00f5es de confidencialidade contidas neste\n\nCONTRATO. A CONTRATANTE n\u00e3o ter\u00e1 quaisquer direitos ou\n\ninteresses em quaisquer ferramentas detidas ou licenciadas pela\n\nCONTRATADA.\n\n10.7. A responsabilidade total da CONTRATADA, seus s\u00f3cios, pessoas\n\npertencentes ao seu grupo corporativo e econ\u00f4mico, profissionais,\n\nempregados, colaboradores e qualquer terceiro subcontratado sob\n\neste CONTRATO n\u00e3o poder\u00e1, em nenhuma hip\u00f3tese, exceder a\n\nremunera\u00e7\u00e3o que a CONTRATADA receba por seu trabalho\n\nexecutado, exceto nos casos de (i) decis\u00e3o final transitada em\n\njulgado que comprove atua\u00e7\u00e3o fraudulenta ou\n\ndolo da\n\nCONTRATADA; (ii) reclama\u00e7\u00f5es trabalhistas de empregados ou\n\nsubcontratados\n\nda\n\nCONTRATADA\n\nintentadas\n\ncontra\n\na\n\nCONTRATANTE;\n\n(iii)\n\nnao\n\ncumprimento\n\ndas\n\ndisposi\u00e7\u00f5es\n\nanticorrup\u00e7\u00e3o e (iv) atua\u00e7\u00e3o em conflito de interesse.\n\n10.7.1. Em nenhuma circunst\u00e2ncia a CONTRATADA, seus s\u00f3cios,\n\npessoas pertencentes ao seu grupo corporativo e econ\u00f4mico,\n\nprofissionais, empregados, colaboradores e qualquer terceiro\n\nsubcontratado ser\u00e1 respons\u00e1vel por lucros cessantes, danos\n\nindiretos, perda de oportunidade da CONTRATANTE ou\n\nquaisquer outros terceiros.\n\n10.8. A CONTRATADA n\u00e3o \u00e9 respons\u00e1vel por verificar a exatid\u00e3o e a\n\ncompletude de dados p\u00fablicos ou informa\u00e7\u00f5es fornecidas pela\n\nCONTRATANTE.\n\nA CONTRATANTE\n\nconcorda\n\nque\n\na\n\nCONTRATADA n\u00e3o \u00e9 respons\u00e1vel pela exatid\u00e3o ou completude\n\ndas informa\u00e7\u00f5es e n\u00e3o poder\u00e1 ser responsabilizada pela\n\ninexatid\u00e3o ou omiss\u00e3o de informa\u00e7\u00f5es.\n\nVisagio Consultoria Assessoria e Desenvolvimento LTDA\n\nP\u00e1gina 8 de 9", "page": 8}, {"text": "VISACIO\n\n10.9. Todos os entendimentos sobre o andamento, modifica\u00e7\u00f5es ou\n\naltera\u00e7\u00f5es das especifica\u00e7\u00f5es originais dos servi\u00e7os, objeto deste\n\nCONTRATO,\n\ndever\u00e3o\n\nser\n\nfeitos\n\nmediante\n\ntroca\n\nde\n\ncorrespond\u00eancias, as quais passar\u00e3o a fazer parte integrante e\n\ncomplementar do presente instrumento, sendo sem efeito as\n\ncombina\u00e7\u00f5es verbais. Em caso de diverg\u00eancia entre este\n\nCONTRATO e os documentos que a ele forem anexados, sempre\n\ndever\u00e1 prevalecer o primeiro. Caso a CONTRATANTE deseje\n\nque os documentos com conte\u00fado divergente ao aqui previsto,\n\neventualmente anexados ao presente CONTRATO prevale\u00e7am\n\nao mesmo, dever\u00e1 ser firmado instrumento aditivo, formalizando\n\ne destacando as novas cl\u00e1usulas e condi\u00e7\u00f5es, da forma como\n\nvierem a ser estipuladas pela CONTRATANTE.\n\n10.10.\n\nEste CONTRATO obriga as partes, seus sucessores e\n\ncession\u00e1rios a qualquer t\u00edtulo.\n\n10.11.\n\nQualquer omiss\u00e3o ou toler\u00e2ncia das partes em exigir o fiel\n\ncumprimento dos termos e condi\u00e7\u00f5es deste CONTRATO, n\u00e3o\n\nconstituir\u00e1 nova\u00e7\u00e3o ou ren\u00fancia, nem afetar\u00e1 o direito de a parte\n\nexigir seu cumprimento a qualquer tempo.\n\n10.12.\n\nAs partes elegem como competente para qualquer a\u00e7\u00e3o\n\ndecorrente deste CONTRATO, com exclus\u00e3o de qualquer outro,\n\npor mais privilegiado que seja o foro da cidade do Rio de\n\nJaneiro/RJ.\n\nE, por estarem, assim, de pleno e comum acordo com as cl\u00e1usulas e condi\u00e7\u00f5es\n\nestatu\u00eddas no presente instrumento, as partes contratantes o assinam na\n\npresen\u00e7a de 2 (duas) testemunhas, em 2 (duas) vias de igual teor e forma, para\n\num s\u00f3 efeito.\n\nRio de Janeiro, xxxx de xxxx de 202x.\n\nXXXXXXX\n\nVISAGIO CONSULTORIA ASSESSORIA E DESENVOLVIMENTO LTDA.\n\nTestemunhas:\n\n1\n\n2\n\nNome:\n\nNome:\n\nCPF:\n\nCPF:\n\nR.G. n\u00ba:\n\nR.G. n\u00ba:\n\nVisagio Consultoria Assessoria e Desenvolvimento LTDA\n\nP\u00e1gina 9 de 9", "page": 9}]